model,train_accuracy,validation_accuracy,train_macro_f1,validation_macro_f1,train_val_gap
LogisticRegression_C10,0.97375,0.93,0.9741617618376107,0.926797385620915,0.043749999999999956
SVM_rbf_C3,0.97375,0.93,0.9763151059251685,0.9084967320261437,0.043749999999999956
SVM_linear_C3,0.95,0.91,0.9546613952327213,0.8993464052287582,0.039999999999999925
LogisticRegression_C3,0.925,0.79,0.9257414222526873,0.7799253034547151,0.135
SVM_linear_C1,0.8775,0.78,0.8788008836866156,0.7542483660130718,0.09749999999999992
SVM_rbf_C1,0.93625,0.77,0.9385449438075674,0.7412698412698413,0.16625
KNN_3,0.89125,0.76,0.8923316630963104,0.7353874883286647,0.13124999999999998
LogisticRegression_C1,0.8575,0.73,0.8571690377102433,0.6968253968253967,0.12750000000000006
KNN_5,0.84875,0.68,0.8484852092249148,0.6549953314659197,0.16874999999999996
