C,train_accuracy,validation_accuracy,train_macro_f1,validation_macro_f1,train_val_gap
15.0,0.98375,0.97,0.9842997712460514,0.9686274509803922,0.01375000000000004
20.0,0.99375,0.97,0.9936425048027809,0.9686274509803922,0.02375000000000005
30.0,0.99625,0.97,0.9961150552174893,0.9686274509803922,0.026249999999999996
50.0,1.0,0.97,1.0,0.9686274509803922,0.030000000000000027
100.0,1.0,0.96,1.0,0.9581699346405229,0.040000000000000036
10.0,0.97375,0.93,0.9741617618376107,0.926797385620915,0.043749999999999956
5.0,0.95125,0.87,0.9526006858146288,0.8647058823529412,0.08125000000000004
3.0,0.925,0.79,0.9257414222526873,0.7799253034547151,0.135
1.0,0.8575,0.73,0.8571690377102433,0.6968253968253967,0.12750000000000006
0.5,0.805,0.71,0.8023367061243756,0.6694677871148459,0.09500000000000008
0.1,0.63125,0.59,0.6187406105264706,0.5287581699346405,0.04125000000000001
