model,validation_accuracy,validation_macro_f1
LogisticRegression_C15,0.97,0.9686274509803922
LogisticRegression_C20,0.97,0.9686274509803922
LogisticRegression_C30,0.97,0.9686274509803922
LogisticRegression_C50,0.97,0.9686274509803922
LogisticRegression_C100,0.96,0.9581699346405229
LogisticRegression_C10,0.93,0.926797385620915
SVM_rbf_C3,0.93,0.9084967320261437
SVM_linear_C3,0.91,0.8993464052287582
LogisticRegression_C5,0.87,0.8647058823529412
LogisticRegression_C3,0.79,0.7799253034547151
SVM_linear_C1,0.78,0.7542483660130718
SVM_rbf_C1,0.77,0.7412698412698413
KNN_3,0.76,0.7353874883286647
LogisticRegression_C1,0.73,0.6968253968253967
KNN_5,0.68,0.6549953314659197
